title,url,certification,genres,rating,release_date,country_origin,production_company,budget,gross_us,opening_week_rev,opening_week_date,gross_world,runtime_minutes,color,soundmix,aspect_ratio
The Notebook,https://www.imdb.com/title/tt0332280/?ref_=watch_tpks_tt_i_1_pd_tp1_pbr_ic,PG-13,Drama,7.8,2004-06-25,United States,New Line Cinema,29000000,81417274,13464745,2004-06-27,118262229,123,Color,"DTS, Dolby Digital, SDDS",2.39 : 1
The Notebook,https://www.imdb.com/title/tt0332280/?ref_=watch_tpks_tt_i_1_pd_tp1_pbr_ic,PG-13,Romance,7.8,2004-06-25,United States,New Line Cinema,29000000,81417274,13464745,2004-06-27,118262229,123,Color,"DTS, Dolby Digital, SDDS",2.39 : 1
500 Days of Summer,https://www.imdb.com/title/tt1022603/?ref_=watch_tpks_tt_i_2_pd_tp1_pbr_ic,PG-13,Comedy,7.7,2009-08-07,United States,Searchlight Pictures,7500000,32391374,834501,2009-07-19,60801288,95,Color,"DTS, Dolby Digital, SDDS",2.35 : 1
500 Days of Summer,https://www.imdb.com/title/tt1022603/?ref_=watch_tpks_tt_i_2_pd_tp1_pbr_ic,PG-13,Drama,7.7,2009-08-07,United States,Searchlight Pictures,7500000,32391374,834501,2009-07-19,60801288,95,Color,"DTS, Dolby Digital, SDDS",2.35 : 1
500 Days of Summer,https://www.imdb.com/title/tt1022603/?ref_=watch_tpks_tt_i_2_pd_tp1_pbr_ic,PG-13,Romance,7.7,2009-08-07,United States,Searchlight Pictures,7500000,32391374,834501,2009-07-19,60801288,95,Color,"DTS, Dolby Digital, SDDS",2.35 : 1
Her,https://www.imdb.com/title/tt1798709/?ref_=watch_tpks_tt_i_3_pd_tp1_pbr_ic,R,Drama,8.0,2014-01-10,United States,Annapurna Pictures,23000000,25568251,260382,2013-12-22,48517427,126,Color,"SDDS, Datasat, Dolby Digital",1.85 : 1
Her,https://www.imdb.com/title/tt1798709/?ref_=watch_tpks_tt_i_3_pd_tp1_pbr_ic,R,Romance,8.0,2014-01-10,United States,Annapurna Pictures,23000000,25568251,260382,2013-12-22,48517427,126,Color,"SDDS, Datasat, Dolby Digital",1.85 : 1
Her,https://www.imdb.com/title/tt1798709/?ref_=watch_tpks_tt_i_3_pd_tp1_pbr_ic,R,Sci-Fi,8.0,2014-01-10,United States,Annapurna Pictures,23000000,25568251,260382,2013-12-22,48517427,126,Color,"SDDS, Datasat, Dolby Digital",1.85 : 1
Call Me by Your Name,https://www.imdb.com/title/tt5726616/?ref_=watch_tpks_tt_i_4_pd_tp1_pbr_ic,R,Drama,7.8,2018-01-19,Italy,Frenesy Film Company,4000000,18095701,412932,2017-11-26,43368603,132,Color,Dolby Digital,1.85 : 1
Call Me by Your Name,https://www.imdb.com/title/tt5726616/?ref_=watch_tpks_tt_i_4_pd_tp1_pbr_ic,R,Romance,7.8,2018-01-19,Italy,Frenesy Film Company,4000000,18095701,412932,2017-11-26,43368603,132,Color,Dolby Digital,1.85 : 1
Whiplash,https://www.imdb.com/title/tt2582802/?ref_=watch_tpks_tt_i_5_pd_tp1_pbr_ic,R,Drama,8.5,2014-10-15,United States,Bold Films,3300000,13092000,135388,2014-10-12,49449489,106,Color,"Dolby Digital, SDDS, Datasat, Dolby Atmos",2.39 : 1
Whiplash,https://www.imdb.com/title/tt2582802/?ref_=watch_tpks_tt_i_5_pd_tp1_pbr_ic,R,Music,8.5,2014-10-15,United States,Bold Films,3300000,13092000,135388,2014-10-12,49449489,106,Color,"Dolby Digital, SDDS, Datasat, Dolby Atmos",2.39 : 1
Blade Runner 2049,https://www.imdb.com/title/tt1856101/?ref_=watch_tpks_tt_i_6_pd_tp1_pbr_ic,R,Action,8.0,2017-10-06,United States,Alcon Entertainment,150000000,92071675,32753122,2017-10-08,276605984,164,Color,"Dolby Atmos, Auro 11.1, IMAX 6-Track, Dolby Surround 7.1, Sonics-DDP, SDDS",2.39 : 1
Blade Runner 2049,https://www.imdb.com/title/tt1856101/?ref_=watch_tpks_tt_i_6_pd_tp1_pbr_ic,R,Drama,8.0,2017-10-06,United States,Alcon Entertainment,150000000,92071675,32753122,2017-10-08,276605984,164,Color,"Dolby Atmos, Auro 11.1, IMAX 6-Track, Dolby Surround 7.1, Sonics-DDP, SDDS",2.39 : 1
Blade Runner 2049,https://www.imdb.com/title/tt1856101/?ref_=watch_tpks_tt_i_6_pd_tp1_pbr_ic,R,Mystery,8.0,2017-10-06,United States,Alcon Entertainment,150000000,92071675,32753122,2017-10-08,276605984,164,Color,"Dolby Atmos, Auro 11.1, IMAX 6-Track, Dolby Surround 7.1, Sonics-DDP, SDDS",2.39 : 1
Drive,https://www.imdb.com/title/tt0780504/?ref_=watch_tpks_tt_i_7_pd_tp1_pbr_ic,R,Action,7.8,2011-09-16,United States,FilmDistrict,15000000,35061555,11340461,2011-09-18,78025654,100,Color,"DTS, Dolby Digital, SDDS",2.35 : 1
Drive,https://www.imdb.com/title/tt0780504/?ref_=watch_tpks_tt_i_7_pd_tp1_pbr_ic,R,Drama,7.8,2011-09-16,United States,FilmDistrict,15000000,35061555,11340461,2011-09-18,78025654,100,Color,"DTS, Dolby Digital, SDDS",2.35 : 1
Me Before You,https://www.imdb.com/title/tt2674426/?ref_=watch_tpks_tt_i_9_pd_tp1_pbr_ic,PG-13,Drama,7.4,2016-06-03,United States,Metro-Goldwyn-Mayer (MGM),20000000,56245075,18723269,2016-06-05,208445075,110,Color,"Dolby Digital, Dolby Atmos",2.35 : 1
Me Before You,https://www.imdb.com/title/tt2674426/?ref_=watch_tpks_tt_i_9_pd_tp1_pbr_ic,PG-13,Romance,7.4,2016-06-03,United States,Metro-Goldwyn-Mayer (MGM),20000000,56245075,18723269,2016-06-05,208445075,110,Color,"Dolby Digital, Dolby Atmos",2.35 : 1
Interstellar,https://www.imdb.com/title/tt0816692/?ref_=watch_tpks_tt_i_10_pd_tp1_pbr_ic,PG-13,Adventure,8.7,2014-11-07,United States,Paramount Pictures,165000000,188020017,47510360,2014-11-09,747516808,169,Color,"Datasat, Dolby Digital, IMAX 6-Track, Dolby Surround 7.1",2.39 : 1
Interstellar,https://www.imdb.com/title/tt0816692/?ref_=watch_tpks_tt_i_10_pd_tp1_pbr_ic,PG-13,Drama,8.7,2014-11-07,United States,Paramount Pictures,165000000,188020017,47510360,2014-11-09,747516808,169,Color,"Datasat, Dolby Digital, IMAX 6-Track, Dolby Surround 7.1",2.39 : 1
Interstellar,https://www.imdb.com/title/tt0816692/?ref_=watch_tpks_tt_i_10_pd_tp1_pbr_ic,PG-13,Sci-Fi,8.7,2014-11-07,United States,Paramount Pictures,165000000,188020017,47510360,2014-11-09,747516808,169,Color,"Datasat, Dolby Digital, IMAX 6-Track, Dolby Surround 7.1",2.39 : 1
"Crazy, Stupid, Love.",https://www.imdb.com/title/tt1570728/?ref_=watch_tpks_tt_i_11_pd_tp1_pbr_ic,PG-13,Comedy,7.4,2011-07-29,United States,Carousel Productions (II),50000000,84379584,19104303,2011-07-31,145086643,118,Color,"Dolby Digital, Datasat, SDDS",2.39 : 1
"Crazy, Stupid, Love.",https://www.imdb.com/title/tt1570728/?ref_=watch_tpks_tt_i_11_pd_tp1_pbr_ic,PG-13,Drama,7.4,2011-07-29,United States,Carousel Productions (II),50000000,84379584,19104303,2011-07-31,145086643,118,Color,"Dolby Digital, Datasat, SDDS",2.39 : 1
"Crazy, Stupid, Love.",https://www.imdb.com/title/tt1570728/?ref_=watch_tpks_tt_i_11_pd_tp1_pbr_ic,PG-13,Romance,7.4,2011-07-29,United States,Carousel Productions (II),50000000,84379584,19104303,2011-07-31,145086643,118,Color,"Dolby Digital, Datasat, SDDS",2.39 : 1
The Great Gatsby,https://www.imdb.com/title/tt1343092/?ref_=watch_tpks_tt_i_12_pd_tp1_pbr_ic,PG-13,Drama,7.2,2013-05-10,Australia,Warner Bros.,105000000,144857996,50085185,2013-05-12,353660028,143,Color,"SDDS, Datasat, Dolby Digital",2.39 : 1
The Great Gatsby,https://www.imdb.com/title/tt1343092/?ref_=watch_tpks_tt_i_12_pd_tp1_pbr_ic,PG-13,Romance,7.2,2013-05-10,Australia,Warner Bros.,105000000,144857996,50085185,2013-05-12,353660028,143,Color,"SDDS, Datasat, Dolby Digital",2.39 : 1
Black Swan,https://www.imdb.com/title/tt0947798/?ref_=watch_tpks_tt_i_13_pd_tp1_pbr_ic,R,Drama,8.0,2010-12-17,United States,Searchlight Pictures,13000000,106954678,1443809,2010-12-05,329398046,108,Color,"Dolby, DTS, SDDS",2.35 : 1
Black Swan,https://www.imdb.com/title/tt0947798/?ref_=watch_tpks_tt_i_13_pd_tp1_pbr_ic,R,Thriller,8.0,2010-12-17,United States,Searchlight Pictures,13000000,106954678,1443809,2010-12-05,329398046,108,Color,"Dolby, DTS, SDDS",2.35 : 1
Eternal Sunshine of the Spotless Mind,https://www.imdb.com/title/tt0338013/?ref_=watch_tpks_tt_i_14_pd_tp1_pbr_ic,R,Drama,8.3,2004-03-19,United States,Focus Features,20000000,34400301,8175198,2004-03-21,73392396,108,Color,"DTS, Dolby, SDDS",1.85 : 1
Eternal Sunshine of the Spotless Mind,https://www.imdb.com/title/tt0338013/?ref_=watch_tpks_tt_i_14_pd_tp1_pbr_ic,R,Romance,8.3,2004-03-19,United States,Focus Features,20000000,34400301,8175198,2004-03-21,73392396,108,Color,"DTS, Dolby, SDDS",1.85 : 1
Eternal Sunshine of the Spotless Mind,https://www.imdb.com/title/tt0338013/?ref_=watch_tpks_tt_i_14_pd_tp1_pbr_ic,R,Sci-Fi,8.3,2004-03-19,United States,Focus Features,20000000,34400301,8175198,2004-03-21,73392396,108,Color,"DTS, Dolby, SDDS",1.85 : 1
Little Women,https://www.imdb.com/title/tt3281548/?ref_=watch_tpks_tt_i_15_pd_tp1_pbr_ic,PG,Drama,7.8,2019-12-25,United States,Columbia Pictures,40000000,108101214,16755310,2019-12-29,218843645,135,Color,"Dolby Atmos, Dolby Digital",1.85 : 1
Little Women,https://www.imdb.com/title/tt3281548/?ref_=watch_tpks_tt_i_15_pd_tp1_pbr_ic,PG,Romance,7.8,2019-12-25,United States,Columbia Pictures,40000000,108101214,16755310,2019-12-29,218843645,135,Color,"Dolby Atmos, Dolby Digital",1.85 : 1
The Theory of Everything,https://www.imdb.com/title/tt2980516/?ref_=watch_tpks_tt_i_16_pd_tp1_pbr_ic,PG-13,Biography,7.7,2014-11-26,United Kingdom,Working Title Films,15000000,35893537,208763,2014-11-09,123726688,123,Color,Dolby Digital,2.40 : 1
The Theory of Everything,https://www.imdb.com/title/tt2980516/?ref_=watch_tpks_tt_i_16_pd_tp1_pbr_ic,PG-13,Drama,7.7,2014-11-26,United Kingdom,Working Title Films,15000000,35893537,208763,2014-11-09,123726688,123,Color,Dolby Digital,2.40 : 1
The Theory of Everything,https://www.imdb.com/title/tt2980516/?ref_=watch_tpks_tt_i_16_pd_tp1_pbr_ic,PG-13,Romance,7.7,2014-11-26,United Kingdom,Working Title Films,15000000,35893537,208763,2014-11-09,123726688,123,Color,Dolby Digital,2.40 : 1
Lady Bird,https://www.imdb.com/title/tt4925292/?ref_=watch_tpks_tt_i_17_pd_tp1_pbr_ic,R,Comedy,7.4,2017-12-01,United States,IAC Films,10000000,48958273,364437,2017-11-05,78987280,94,Color,Dolby Digital,1.85 : 1
Lady Bird,https://www.imdb.com/title/tt4925292/?ref_=watch_tpks_tt_i_17_pd_tp1_pbr_ic,R,Drama,7.4,2017-12-01,United States,IAC Films,10000000,48958273,364437,2017-11-05,78987280,94,Color,Dolby Digital,1.85 : 1
Parasite,https://www.imdb.com/title/tt6751668/?ref_=watch_tpks_tt_i_18_pd_tp1_pbr_ic,R,Drama,8.5,2019-11-08,South Korea,CJ Entertainment,11400000,53369749,393216,2019-10-13,262099264,132,Color,Dolby Atmos,2.39 : 1
Parasite,https://www.imdb.com/title/tt6751668/?ref_=watch_tpks_tt_i_18_pd_tp1_pbr_ic,R,Thriller,8.5,2019-11-08,South Korea,CJ Entertainment,11400000,53369749,393216,2019-10-13,262099264,132,Color,Dolby Atmos,2.39 : 1
Bohemian Rhapsody,https://www.imdb.com/title/tt1727824/?ref_=watch_tpks_tt_i_19_pd_tp1_pbr_ic,PG-13,Biography,7.9,2018-11-02,United Kingdom,Twentieth Century Fox,52000000,216668042,51061119,2018-11-04,910813521,134,Color,"Dolby Atmos, Sonics-DDP, SDDS, Auro 11.1",2.39 : 1
Bohemian Rhapsody,https://www.imdb.com/title/tt1727824/?ref_=watch_tpks_tt_i_19_pd_tp1_pbr_ic,PG-13,Drama,7.9,2018-11-02,United Kingdom,Twentieth Century Fox,52000000,216668042,51061119,2018-11-04,910813521,134,Color,"Dolby Atmos, Sonics-DDP, SDDS, Auro 11.1",2.39 : 1
Bohemian Rhapsody,https://www.imdb.com/title/tt1727824/?ref_=watch_tpks_tt_i_19_pd_tp1_pbr_ic,PG-13,Music,7.9,2018-11-02,United Kingdom,Twentieth Century Fox,52000000,216668042,51061119,2018-11-04,910813521,134,Color,"Dolby Atmos, Sonics-DDP, SDDS, Auro 11.1",2.39 : 1
Joker,https://www.imdb.com/title/tt7286456/?ref_=watch_tpks_tt_i_20_pd_tp1_pbr_ic,R,Crime,8.4,2019-10-04,United States,Warner Bros.,55000000,335477657,96202337,2019-10-06,1078958629,122,Color,"SDDS, Dolby Atmos, Datasat, Dolby Digital",1.85 : 1
Joker,https://www.imdb.com/title/tt7286456/?ref_=watch_tpks_tt_i_20_pd_tp1_pbr_ic,R,Drama,8.4,2019-10-04,United States,Warner Bros.,55000000,335477657,96202337,2019-10-06,1078958629,122,Color,"SDDS, Dolby Atmos, Datasat, Dolby Digital",1.85 : 1
Joker,https://www.imdb.com/title/tt7286456/?ref_=watch_tpks_tt_i_20_pd_tp1_pbr_ic,R,Thriller,8.4,2019-10-04,United States,Warner Bros.,55000000,335477657,96202337,2019-10-06,1078958629,122,Color,"SDDS, Dolby Atmos, Datasat, Dolby Digital",1.85 : 1
10 Things I Hate About You,https://www.imdb.com/title/tt0147800/?ref_=watch_tpks_tt_i_21_pd_tp1_pbr_ic,PG-13,Comedy,7.3,1999-03-31,United States,Touchstone Pictures,30000000,38178166,8330681,1999-04-04,53685765,97,Color,"Dolby Digital, SDDS, DTS",1.85 : 1
10 Things I Hate About You,https://www.imdb.com/title/tt0147800/?ref_=watch_tpks_tt_i_21_pd_tp1_pbr_ic,PG-13,Drama,7.3,1999-03-31,United States,Touchstone Pictures,30000000,38178166,8330681,1999-04-04,53685765,97,Color,"Dolby Digital, SDDS, DTS",1.85 : 1
10 Things I Hate About You,https://www.imdb.com/title/tt0147800/?ref_=watch_tpks_tt_i_21_pd_tp1_pbr_ic,PG-13,Romance,7.3,1999-03-31,United States,Touchstone Pictures,30000000,38178166,8330681,1999-04-04,53685765,97,Color,"Dolby Digital, SDDS, DTS",1.85 : 1
The Perks of Being a Wallflower,https://www.imdb.com/title/tt1659337/?ref_=watch_tpks_tt_i_22_pd_tp1_pbr_ic,PG-13,Drama,7.9,2012-10-12,United States,Summit Entertainment,13000000,17742948,228359,2012-09-23,33384127,103,Color,"Dolby Digital, Datasat",1.85 : 1
Inception,https://www.imdb.com/title/tt1375666/?ref_=watch_tpks_tt_i_23_pd_tp1_pbr_ic,PG-13,Action,8.8,2010-07-16,United States,Warner Bros.,160000000,292587330,62785337,2010-07-18,839030630,148,Color,"Dolby Digital, DTS, SDDS",2.39 : 1
Inception,https://www.imdb.com/title/tt1375666/?ref_=watch_tpks_tt_i_23_pd_tp1_pbr_ic,PG-13,Adventure,8.8,2010-07-16,United States,Warner Bros.,160000000,292587330,62785337,2010-07-18,839030630,148,Color,"Dolby Digital, DTS, SDDS",2.39 : 1
Inception,https://www.imdb.com/title/tt1375666/?ref_=watch_tpks_tt_i_23_pd_tp1_pbr_ic,PG-13,Sci-Fi,8.8,2010-07-16,United States,Warner Bros.,160000000,292587330,62785337,2010-07-18,839030630,148,Color,"Dolby Digital, DTS, SDDS",2.39 : 1
Titanic,https://www.imdb.com/title/tt0120338/?ref_=watch_tpks_tt_i_24_pd_tp1_pbr_ic,PG-13,Drama,7.9,1997-12-19,United States,Twentieth Century Fox,200000000,674292608,28638131,1997-12-21,2264750694,194,Color,"Dolby Digital, DTS, SDDS",
Titanic,https://www.imdb.com/title/tt0120338/?ref_=watch_tpks_tt_i_24_pd_tp1_pbr_ic,PG-13,Romance,7.9,1997-12-19,United States,Twentieth Century Fox,200000000,674292608,28638131,1997-12-21,2264750694,194,Color,"Dolby Digital, DTS, SDDS",
The Wolf of Wall Street,https://www.imdb.com/title/tt0993846/?ref_=watch_tpks_tt_i_25_pd_tp1_pbr_ic,R,Biography,8.2,2013-12-25,United States,Red Granite Pictures,100000000,116900694,18361578,2013-12-29,407039432,180,Color,"Datasat, Dolby Digital, Dolby Surround 7.1",2.39 : 1
The Wolf of Wall Street,https://www.imdb.com/title/tt0993846/?ref_=watch_tpks_tt_i_25_pd_tp1_pbr_ic,R,Comedy,8.2,2013-12-25,United States,Red Granite Pictures,100000000,116900694,18361578,2013-12-29,407039432,180,Color,"Datasat, Dolby Digital, Dolby Surround 7.1",2.39 : 1
The Wolf of Wall Street,https://www.imdb.com/title/tt0993846/?ref_=watch_tpks_tt_i_25_pd_tp1_pbr_ic,R,Crime,8.2,2013-12-25,United States,Red Granite Pictures,100000000,116900694,18361578,2013-12-29,407039432,180,Color,"Datasat, Dolby Digital, Dolby Surround 7.1",2.39 : 1
The Fault in Our Stars,https://www.imdb.com/title/tt2582846/?ref_=watch_tpks_tt_i_26_pd_tp1_pbr_ic,PG-13,Drama,7.7,2014-06-06,United States,Fox 2000 Pictures,12000000,124872350,48002523,2014-06-08,307168169,126,Color,"Dolby, Dolby Digital, SDDS, Datasat",1.85 : 1
The Fault in Our Stars,https://www.imdb.com/title/tt2582846/?ref_=watch_tpks_tt_i_26_pd_tp1_pbr_ic,PG-13,Romance,7.7,2014-06-06,United States,Fox 2000 Pictures,12000000,124872350,48002523,2014-06-08,307168169,126,Color,"Dolby, Dolby Digital, SDDS, Datasat",1.85 : 1
The Social Network,https://www.imdb.com/title/tt1285016/?ref_=watch_tpks_tt_i_27_pd_tp1_pbr_ic,PG-13,Biography,7.8,2010-10-01,United States,Columbia Pictures,40000000,96962694,22445653,2010-10-03,224927749,120,Color,"Dolby Digital, DTS, SDDS, Dolby Surround 7.1, Dolby Atmos",2.39 : 1
The Social Network,https://www.imdb.com/title/tt1285016/?ref_=watch_tpks_tt_i_27_pd_tp1_pbr_ic,PG-13,Drama,7.8,2010-10-01,United States,Columbia Pictures,40000000,96962694,22445653,2010-10-03,224927749,120,Color,"Dolby Digital, DTS, SDDS, Dolby Surround 7.1, Dolby Atmos",2.39 : 1
Five Feet Apart,https://www.imdb.com/title/tt6472976/?ref_=watch_tpks_tt_i_28_pd_tp1_pbr_ic,PG-13,Drama,7.2,2019-03-15,United States,CBS Films,7000000,45729221,13190286,2019-03-17,92559910,116,Color,,2.39 : 1
Five Feet Apart,https://www.imdb.com/title/tt6472976/?ref_=watch_tpks_tt_i_28_pd_tp1_pbr_ic,PG-13,Romance,7.2,2019-03-15,United States,CBS Films,7000000,45729221,13190286,2019-03-17,92559910,116,Color,,2.39 : 1
American Psycho,https://www.imdb.com/title/tt0144084/?ref_=watch_tpks_tt_i_29_pd_tp1_pbr_ic,R,Crime,7.6,2000-04-14,United States,Am Psycho Productions,7000000,15070285,4961015,2000-04-16,34266679,102,Color,"Dolby Digital, Dolby Atmos",2.35 : 1
American Psycho,https://www.imdb.com/title/tt0144084/?ref_=watch_tpks_tt_i_29_pd_tp1_pbr_ic,R,Drama,7.6,2000-04-14,United States,Am Psycho Productions,7000000,15070285,4961015,2000-04-16,34266679,102,Color,"Dolby Digital, Dolby Atmos",2.35 : 1
American Psycho,https://www.imdb.com/title/tt0144084/?ref_=watch_tpks_tt_i_29_pd_tp1_pbr_ic,R,Horror,7.6,2000-04-14,United States,Am Psycho Productions,7000000,15070285,4961015,2000-04-16,34266679,102,Color,"Dolby Digital, Dolby Atmos",2.35 : 1
Baby Driver,https://www.imdb.com/title/tt3890160/?ref_=watch_tpks_tt_i_30_pd_tp1_pbr_ic,R,Action,7.5,2017-06-28,United Kingdom,TriStar Pictures,34000000,107825862,20553320,2017-07-02,226945087,113,Color,"Dolby Atmos, Dolby Digital, Dolby Surround 7.1, Auro 11.1, SDDS",2.39 : 1
Baby Driver,https://www.imdb.com/title/tt3890160/?ref_=watch_tpks_tt_i_30_pd_tp1_pbr_ic,R,Crime,7.5,2017-06-28,United Kingdom,TriStar Pictures,34000000,107825862,20553320,2017-07-02,226945087,113,Color,"Dolby Atmos, Dolby Digital, Dolby Surround 7.1, Auro 11.1, SDDS",2.39 : 1
Baby Driver,https://www.imdb.com/title/tt3890160/?ref_=watch_tpks_tt_i_30_pd_tp1_pbr_ic,R,Drama,7.5,2017-06-28,United Kingdom,TriStar Pictures,34000000,107825862,20553320,2017-07-02,226945087,113,Color,"Dolby Atmos, Dolby Digital, Dolby Surround 7.1, Auro 11.1, SDDS",2.39 : 1
The Grand Budapest Hotel,https://www.imdb.com/title/tt2278388/?ref_=watch_tpks_tt_i_31_pd_tp1_pbr_ic,R,Adventure,8.1,2014-03-28,United States,Fox Searchlight Pictures,25000000,59301324,811166,2014-03-09,174567384,99,"Color, Black and White","SDDS, Datasat, Dolby Digital, Dolby Surround 7.1",
The Grand Budapest Hotel,https://www.imdb.com/title/tt2278388/?ref_=watch_tpks_tt_i_31_pd_tp1_pbr_ic,R,Comedy,8.1,2014-03-28,United States,Fox Searchlight Pictures,25000000,59301324,811166,2014-03-09,174567384,99,"Color, Black and White","SDDS, Datasat, Dolby Digital, Dolby Surround 7.1",
The Grand Budapest Hotel,https://www.imdb.com/title/tt2278388/?ref_=watch_tpks_tt_i_31_pd_tp1_pbr_ic,R,Crime,8.1,2014-03-28,United States,Fox Searchlight Pictures,25000000,59301324,811166,2014-03-09,174567384,99,"Color, Black and White","SDDS, Datasat, Dolby Digital, Dolby Surround 7.1",
Birdman or (The Unexpected Virtue of Ignorance),https://www.imdb.com/title/tt2562232/?ref_=watch_tpks_tt_i_32_pd_tp1_pbr_ic,R,Comedy,7.7,2014-11-14,United States,New Regency Productions,18000000,42340598,424397,2014-10-19,103215094,119,Color,"Dolby Digital, Datasat",1.85 : 1
Birdman or (The Unexpected Virtue of Ignorance),https://www.imdb.com/title/tt2562232/?ref_=watch_tpks_tt_i_32_pd_tp1_pbr_ic,R,Drama,7.7,2014-11-14,United States,New Regency Productions,18000000,42340598,424397,2014-10-19,103215094,119,Color,"Dolby Digital, Datasat",1.85 : 1
A Star Is Born,https://www.imdb.com/title/tt1517451/?ref_=watch_tpks_tt_i_33_pd_tp1_pbr_ic,R,Drama,7.6,2018-10-05,United States,Warner Bros.,36000000,215333122,42908051,2018-10-07,436433122,136,Color,"Dolby Atmos, Auro 11.1, Sonics-DDP, SDDS",2.39 : 1
A Star Is Born,https://www.imdb.com/title/tt1517451/?ref_=watch_tpks_tt_i_33_pd_tp1_pbr_ic,R,Music,7.6,2018-10-05,United States,Warner Bros.,36000000,215333122,42908051,2018-10-07,436433122,136,Color,"Dolby Atmos, Auro 11.1, Sonics-DDP, SDDS",2.39 : 1
A Star Is Born,https://www.imdb.com/title/tt1517451/?ref_=watch_tpks_tt_i_33_pd_tp1_pbr_ic,R,Romance,7.6,2018-10-05,United States,Warner Bros.,36000000,215333122,42908051,2018-10-07,436433122,136,Color,"Dolby Atmos, Auro 11.1, Sonics-DDP, SDDS",2.39 : 1
The Truman Show,https://www.imdb.com/title/tt0120382/?ref_=watch_tpks_tt_i_34_pd_tp1_pbr_ic,PG,Comedy,8.2,1998-06-05,United States,Paramount Pictures,60000000,125618201,31542121,1998-06-07,264118712,103,Color,"DTS, Dolby Digital, Dolby Atmos",1.66 : 1
The Truman Show,https://www.imdb.com/title/tt0120382/?ref_=watch_tpks_tt_i_34_pd_tp1_pbr_ic,PG,Drama,8.2,1998-06-05,United States,Paramount Pictures,60000000,125618201,31542121,1998-06-07,264118712,103,Color,"DTS, Dolby Digital, Dolby Atmos",1.66 : 1
Mamma Mia!,https://www.imdb.com/title/tt0795421/?ref_=watch_tpks_tt_i_35_pd_tp1_pbr_ic,PG-13,Comedy,6.5,2008-07-18,United States,Universal Pictures,52000000,144330569,27751240,2008-07-20,694665577,108,Color,"SDDS, Dolby Digital, DTS",2.39 : 1
Mamma Mia!,https://www.imdb.com/title/tt0795421/?ref_=watch_tpks_tt_i_35_pd_tp1_pbr_ic,PG-13,Musical,6.5,2008-07-18,United States,Universal Pictures,52000000,144330569,27751240,2008-07-20,694665577,108,Color,"SDDS, Dolby Digital, DTS",2.39 : 1
Mamma Mia!,https://www.imdb.com/title/tt0795421/?ref_=watch_tpks_tt_i_35_pd_tp1_pbr_ic,PG-13,Romance,6.5,2008-07-18,United States,Universal Pictures,52000000,144330569,27751240,2008-07-20,694665577,108,Color,"SDDS, Dolby Digital, DTS",2.39 : 1
Mean Girls,https://www.imdb.com/title/tt0377092/?ref_=watch_tpks_tt_i_36_pd_tp1_pbr_ic,PG-13,Comedy,7.1,2004-04-30,United States,Paramount Pictures,17000000,86058055,24432195,2004-05-02,130161094,97,Color,"Dolby Digital, DTS",1.85 : 1
The Revenant,https://www.imdb.com/title/tt1663202/?ref_=watch_tpks_tt_i_37_pd_tp1_pbr_ic,R,Action,8.0,2016-01-08,Hong Kong,New Regency Productions,135000000,183637894,474560,2015-12-27,532950503,156,Color,"Dolby Digital, Dolby Atmos, Dolby Surround 7.1, 12-Track Digital Sound, IMAX 6-Track, Sonics-DDP, SDDS",2.39 : 1
The Revenant,https://www.imdb.com/title/tt1663202/?ref_=watch_tpks_tt_i_37_pd_tp1_pbr_ic,R,Adventure,8.0,2016-01-08,Hong Kong,New Regency Productions,135000000,183637894,474560,2015-12-27,532950503,156,Color,"Dolby Digital, Dolby Atmos, Dolby Surround 7.1, 12-Track Digital Sound, IMAX 6-Track, Sonics-DDP, SDDS",2.39 : 1
The Revenant,https://www.imdb.com/title/tt1663202/?ref_=watch_tpks_tt_i_37_pd_tp1_pbr_ic,R,Drama,8.0,2016-01-08,Hong Kong,New Regency Productions,135000000,183637894,474560,2015-12-27,532950503,156,Color,"Dolby Digital, Dolby Atmos, Dolby Surround 7.1, 12-Track Digital Sound, IMAX 6-Track, Sonics-DDP, SDDS",2.39 : 1
The Devil Wears Prada,https://www.imdb.com/title/tt0458352/?ref_=watch_tpks_tt_i_38_pd_tp1_pbr_ic,PG-13,Comedy,6.9,2006-06-30,United States,Fox 2000 Pictures,35000000,124740460,27537244,2006-07-02,326714019,109,Color,"SDDS, DTS, Dolby Digital",2.39 : 1
The Devil Wears Prada,https://www.imdb.com/title/tt0458352/?ref_=watch_tpks_tt_i_38_pd_tp1_pbr_ic,PG-13,Drama,6.9,2006-06-30,United States,Fox 2000 Pictures,35000000,124740460,27537244,2006-07-02,326714019,109,Color,"SDDS, DTS, Dolby Digital",2.39 : 1
Shutter Island,https://www.imdb.com/title/tt1130884/?ref_=watch_tpks_tt_i_39_pd_tp1_pbr_ic,R,Drama,8.2,2010-02-19,United States,Paramount Pictures,80000000,128012934,41062440,2010-02-21,294933742,138,Color,"SDDS, Dolby Digital, DTS",2.39 : 1
Shutter Island,https://www.imdb.com/title/tt1130884/?ref_=watch_tpks_tt_i_39_pd_tp1_pbr_ic,R,Mystery,8.2,2010-02-19,United States,Paramount Pictures,80000000,128012934,41062440,2010-02-21,294933742,138,Color,"SDDS, Dolby Digital, DTS",2.39 : 1
Shutter Island,https://www.imdb.com/title/tt1130884/?ref_=watch_tpks_tt_i_39_pd_tp1_pbr_ic,R,Thriller,8.2,2010-02-19,United States,Paramount Pictures,80000000,128012934,41062440,2010-02-21,294933742,138,Color,"SDDS, Dolby Digital, DTS",2.39 : 1
Dunkirk,https://www.imdb.com/title/tt5013056/?ref_=watch_tpks_tt_i_40_pd_tp1_pbr_ic,PG-13,Action,7.8,2017-07-21,United Kingdom,Syncopy,100000000,189740665,50513488,2017-07-23,530432122,106,Color,"Sonics-DDP, Dolby Digital",2.20 : 1
Dunkirk,https://www.imdb.com/title/tt5013056/?ref_=watch_tpks_tt_i_40_pd_tp1_pbr_ic,PG-13,Drama,7.8,2017-07-21,United Kingdom,Syncopy,100000000,189740665,50513488,2017-07-23,530432122,106,Color,"Sonics-DDP, Dolby Digital",2.20 : 1
Dunkirk,https://www.imdb.com/title/tt5013056/?ref_=watch_tpks_tt_i_40_pd_tp1_pbr_ic,PG-13,History,7.8,2017-07-21,United Kingdom,Syncopy,100000000,189740665,50513488,2017-07-23,530432122,106,Color,"Sonics-DDP, Dolby Digital",2.20 : 1
Catch Me If You Can,https://www.imdb.com/title/tt0264464/?ref_=watch_tpks_tt_i_41_pd_tp1_pbr_ic,PG-13,Biography,8.1,2002-12-25,United States,Dreamworks Pictures,52000000,164615351,30053627,2002-12-29,352114312,141,Color,"DTS, Dolby Digital, SDDS",1.85 : 1
Catch Me If You Can,https://www.imdb.com/title/tt0264464/?ref_=watch_tpks_tt_i_41_pd_tp1_pbr_ic,PG-13,Crime,8.1,2002-12-25,United States,Dreamworks Pictures,52000000,164615351,30053627,2002-12-29,352114312,141,Color,"DTS, Dolby Digital, SDDS",1.85 : 1
Catch Me If You Can,https://www.imdb.com/title/tt0264464/?ref_=watch_tpks_tt_i_41_pd_tp1_pbr_ic,PG-13,Drama,8.1,2002-12-25,United States,Dreamworks Pictures,52000000,164615351,30053627,2002-12-29,352114312,141,Color,"DTS, Dolby Digital, SDDS",1.85 : 1
The Imitation Game,https://www.imdb.com/title/tt2084970/?ref_=watch_tpks_tt_i_42_pd_tp1_pbr_ic,PG-13,Biography,8.0,2014-12-25,United Kingdom,Black Bear,14000000,91125683,479352,2014-11-30,233555708,114,Color,Dolby Digital,2.39 : 1
The Imitation Game,https://www.imdb.com/title/tt2084970/?ref_=watch_tpks_tt_i_42_pd_tp1_pbr_ic,PG-13,Drama,8.0,2014-12-25,United Kingdom,Black Bear,14000000,91125683,479352,2014-11-30,233555708,114,Color,Dolby Digital,2.39 : 1
The Imitation Game,https://www.imdb.com/title/tt2084970/?ref_=watch_tpks_tt_i_42_pd_tp1_pbr_ic,PG-13,Thriller,8.0,2014-12-25,United Kingdom,Black Bear,14000000,91125683,479352,2014-11-30,233555708,114,Color,Dolby Digital,2.39 : 1
How to Lose a Guy in 10 Days,https://www.imdb.com/title/tt0251127/?ref_=watch_tpks_tt_i_43_pd_tp1_pbr_ic,PG-13,Comedy,6.5,2003-02-07,United States,Lynda Obst Productions,50000000,105813373,23774850,2003-02-09,177503042,116,Color,"DTS, Dolby Digital, SDDS",1.85 : 1
How to Lose a Guy in 10 Days,https://www.imdb.com/title/tt0251127/?ref_=watch_tpks_tt_i_43_pd_tp1_pbr_ic,PG-13,Romance,6.5,2003-02-07,United States,Lynda Obst Productions,50000000,105813373,23774850,2003-02-09,177503042,116,Color,"DTS, Dolby Digital, SDDS",1.85 : 1
Dallas Buyers Club,https://www.imdb.com/title/tt0790636/?ref_=watch_tpks_tt_i_44_pd_tp1_pbr_ic,R,Biography,7.9,2013-11-22,United States,Truth Entertainment (II),5000000,27298285,260865,2013-11-03,55198285,117,Color,Dolby Digital,2.35 : 1
Dallas Buyers Club,https://www.imdb.com/title/tt0790636/?ref_=watch_tpks_tt_i_44_pd_tp1_pbr_ic,R,Drama,7.9,2013-11-22,United States,Truth Entertainment (II),5000000,27298285,260865,2013-11-03,55198285,117,Color,Dolby Digital,2.35 : 1
Jojo Rabbit,https://www.imdb.com/title/tt2584384/?ref_=watch_tpks_tt_i_45_pd_tp1_pbr_ic,PG-13,Comedy,7.9,2019-11-08,Czech Republic,Searchlight Pictures,14000000,33370906,349555,2019-10-20,93662741,108,Color,"Dolby Digital, Dolby Atmos",1.85 : 1
Jojo Rabbit,https://www.imdb.com/title/tt2584384/?ref_=watch_tpks_tt_i_45_pd_tp1_pbr_ic,PG-13,Drama,7.9,2019-11-08,Czech Republic,Searchlight Pictures,14000000,33370906,349555,2019-10-20,93662741,108,Color,"Dolby Digital, Dolby Atmos",1.85 : 1
Jojo Rabbit,https://www.imdb.com/title/tt2584384/?ref_=watch_tpks_tt_i_45_pd_tp1_pbr_ic,PG-13,War,7.9,2019-11-08,Czech Republic,Searchlight Pictures,14000000,33370906,349555,2019-10-20,93662741,108,Color,"Dolby Digital, Dolby Atmos",1.85 : 1
Moonlight,https://www.imdb.com/title/tt4975722/?ref_=watch_tpks_tt_i_46_pd_tp1_pbr_ic,R,Drama,7.4,2016-11-18,United States,A24,4000000,27854932,402075,2016-10-23,65172611,111,Color,Dolby Digital,2.39 : 1
Barbie,https://www.imdb.com/title/tt1517268/?ref_=watch_tpks_tt_i_47_pd_tp1_pbr_ic,PG-13,Adventure,6.8,2023-07-21,United States,Warner Bros.,100000000,636238421,162022044,2023-07-23,1445638421,114,Color,"Dolby Digital, IMAX 6-Track, 12-Track Digital Sound, D-Cinema 96kHz 7.1, Auro 11.1, Dolby Atmos, DTS:X",2.00 : 1
Barbie,https://www.imdb.com/title/tt1517268/?ref_=watch_tpks_tt_i_47_pd_tp1_pbr_ic,PG-13,Comedy,6.8,2023-07-21,United States,Warner Bros.,100000000,636238421,162022044,2023-07-23,1445638421,114,Color,"Dolby Digital, IMAX 6-Track, 12-Track Digital Sound, D-Cinema 96kHz 7.1, Auro 11.1, Dolby Atmos, DTS:X",2.00 : 1
Barbie,https://www.imdb.com/title/tt1517268/?ref_=watch_tpks_tt_i_47_pd_tp1_pbr_ic,PG-13,Fantasy,6.8,2023-07-21,United States,Warner Bros.,100000000,636238421,162022044,2023-07-23,1445638421,114,Color,"Dolby Digital, IMAX 6-Track, 12-Track Digital Sound, D-Cinema 96kHz 7.1, Auro 11.1, Dolby Atmos, DTS:X",2.00 : 1
Everything Everywhere All at Once,https://www.imdb.com/title/tt6710474/?ref_=watch_tpks_tt_i_48_pd_tp1_pbr_ic,R,Action,7.8,2022-04-08,United States,A24,14300000,77191785,501305,2022-03-27,143411704,139,Color,"Dolby Digital, Dolby Atmos, Stereo",1.85 : 1
Everything Everywhere All at Once,https://www.imdb.com/title/tt6710474/?ref_=watch_tpks_tt_i_48_pd_tp1_pbr_ic,R,Adventure,7.8,2022-04-08,United States,A24,14300000,77191785,501305,2022-03-27,143411704,139,Color,"Dolby Digital, Dolby Atmos, Stereo",1.85 : 1
Everything Everywhere All at Once,https://www.imdb.com/title/tt6710474/?ref_=watch_tpks_tt_i_48_pd_tp1_pbr_ic,R,Comedy,7.8,2022-04-08,United States,A24,14300000,77191785,501305,2022-03-27,143411704,139,Color,"Dolby Digital, Dolby Atmos, Stereo",1.85 : 1
